XJLSJOZT,0,1,P571
3XU12ZIA,0,1,P571
VLL93CE2,0,1,P571
3V0AK6N5,0,1,P571
TC3LQD2D,0,1,P571
2U84HC53,0,1,P571
PDVNW5EO,0,1,P571
IAG46HD9,0,1,P571
ZMHQ6QWY,0,1,P571
VMYU2Y3O,0,1,P276
W3JYROI6,0,1,P571
4B97947K,0,1,P571
9GN53SYU,0,1,P571
KFCMOQGG,0,1,P571
DP8721XI,0,1,P571
VB14NMDD,0,1,P571
6PYW8DJO,0,1,P571
Y6EEUSYS,0,1,P571
ZYWYZ0R6,0,1,P571
5EIZHH23,0,1,P571
K4QZKMQD,0,1
Y8JEPIPT,0,1
CQ6A18ZU,0,1
AOF0CVN6,0,1
PMDWMZ2G,0,1
G4GNYXFY,0,1
7649AQ35,0,1
F48VLIBR,0,1
4S06UGAP,0,1
5IRDGB10,0,1
N36B75WW,0,1
1YW8NANV,0,1
FU5INUG9,0,1
NBPQ8AZE,0,1
JUGW6J9W,0,1
RQK9MFD7,0,2
ZQ93EVLH,0,1
ZQ93EVLH,0,3
UBCMK2L6,0,1
E5SH96UI,0,1
C85OM859,0,1
9OFDUVSJ,0,1
E3GLK3XR,0,1
IFAFE7VW,0,1
0ORLQCTS,0,2
2P0R49K2,0,1
34N53H6L,0,1
UID116Y4,0,1
8G674EN5,0,1
VNH1DXXK,0,1
E52W90MI,0,1
D0NXZYQT,0,1
FMJB7IOY,0,1
I1QES8SD,0,1
AQ1OHCWA,0,1
5KVUPY2O,0,1
YC6N1PUT,0,1
OMCMFLSR,0,1
I21PO66D,0,1
IX1V88JN,0,2
F4LAT17U,0,2
ND7BIF5I,0,2
YMBBEH8H,0,2
MKK4W0AA,0,2
VGXVCHNE,0,2
Z4LWSOCF,0,1
WNA93BOJ,0,1
WNA93BOJ,0,2
WNA93BOJ,0,3
8Y6YPMDR,0,1
5P47EXDI,0,2
2KAS0TC1,0,1
2KAS0TC1,0,2
2KAS0TC1,0,3
XM6BHH6D,0,1
SCHYOMJ8,0,1
RU3CHRSA,0,1
NSLV1PTY,0,1
N03MUM7C,0,1
N03MUM7C,0,2
MA213132,0,1
GAEJ3JBG,0,1
T81OMUQL,0,1
IGKYZBZ4,0,1
QELWRWG4,0,2
LJUCLBYU,0,1
X9580HCL,0,1
BG7I9IBZ,0,1
2U80RXKO,0,2
1ZSMCZ9V,0,1
1ZSMCZ9V,0,2
ZZA9DTVL,0,1
AK3RAP1O,0,1
9SK50IML,0,2
FVRSITLX,0,1
ETXTG8QM,0,1
5NKILQPD,0,2
HS06HP6M,0,1
YZEHKZMJ,0,1
YZEHKZMJ,0,2
ZDG96XW9,0,2
2KZFUZC8,0,3
BW0WN6SF,0,1
7V0EVO8I,0,1
EUWPG4NS,0,2
9I5SE08Q,0,2
8KXEIANB,0,2
JKHC82DO,0,2
4Z1FCKO0,0,2
TSYRZ7MK,0,2
WBTANHLR,0,2
A85TM7NI,0,2
VLC10VMM,0,2
VZ5HTKUF,0,2
0UVLEEW5,0,1
GN8YQV9S,0,1
ZIMJ8Z8S,0,1
Y2DCL7OV,0,1
L0M70WSZ,0,3
7HZGM2S9,0,2
0CWK94DB,0,2
Y6B8UPI0,0,2
O6CKUODQ,0,2
99ZVZKVC,0,2
TAMD54HP,0,2
PJM5TJP7,0,1
SQ2NZKUD,0,1
U2OSDIKP,0,1
36VHYULW,0,1
7S3T522K,0,1
9QCGZMEN,0,1
0X4QHVRR,0,1
7LME34SE,0,1
Q6ODUQG9,0,1
8RHJMOW3,0,1
TGV91IU6,0,1
5H2IWYPI,0,1
3Q1R8Z51,0,1
N09KMFI7,0,1
5SLB85V9,0,1
9GEYASAY,0,2
BZOKUEEW,0,1
0F5PCGAZ,0,1
7RCNGMJL,0,2
8EHU8JK1,0,2
NBWICJOW,0,2
Y8NJ1QLI,0,2
Q9PP8C4S,0,2
6H16JCGI,0,2
OIVWAVQC,0,2
OMWQG3J8,0,2
FO82BYXN,0,2
EHNNS1S4,0,2
OI8U272R,0,2
83MI19ZG,0,2
DYRMKQ0P,0,2
0VLH6PH4,0,2
14F3UBNZ,0,2
GEA6ZKA8,0,2
87VRPGLP,0,1
VBLEGMDK,0,1
9W96L5HM,0,1
NKJP9RTW,0,1
M3EXNXKF,0,2
K58XFE2H,0,1
EXN8I146,0,1
OZJPWEA2,0,1
EJ4OTU7J,0,1
JO7HW5QU,0,2
HGWV60XX,0,1
VJWOHXK0,0,1
98VTQ1F2,0,2
ZN6M5QYW,0,1
ZN6M5QYW,0,2
TJCIVV0Q,0,1
TJCIVV0Q,0,2
OLZODQ9A,0,1
OLZODQ9A,0,2
2K4K0BZ4,0,1
IG3OU2IG,0,2
BB2XU9IX,0,2
T0HSKZZ2,0,3
PXF8HVON,0,1
PXF8HVON,0,3
B4618O70,0,1
M3ELE9FF,0,1
2C2NQZCO,0,1
76BLG3ES,0,1
U6I2YHO3,0,1
3LAJ0G3M,0,1
NRYD5IZJ,0,1
13DUD18R,0,1
TLE96VD5,0,1
SK3KVQ13,0,1
7E388J9M,0,1
2QBBSL9C,0,1
CX51AQQ5,0,1
PONT806Y,0,1
S0V0LVDN,0,1
C98OPRRL,0,1
4EDJBEYC,0,1
33TIHWRY,0,1
E6JI15CQ,0,2
NG69CE0S,0,1
NG69CE0S,0,2
5QNC4HK0,0,1
BZZVTMPE,0,2
ML1C5AOG,0,2
QHLLZVI3,0,1
QHLLZVI3,0,2
7Z95WE4D,0,1
P7Y2YVA6,0,1
NVM7J4X6,0,1
CRJ2HSBZ,0,1
BUZXCG7H,0,1
LMOFCAM0,0,1
F67OP0X0,0,1
W98FL8A3,0,1
X3VNCD7T,0,1
0UQ9TNM7,0,1
1LGT2DJX,0,1
2FZ2ONSM,0,1
MMJP5XXT,0,1
HBSR0225,0,1
0M5A24NY,0,1
2AM33ROC,0,1
QD6VLVQ5,0,1
LDFUC6IY,0,1
II70KW8O,0,1
NI8MXF6H,0,2
727AQ66J,0,2
VOCGRAI7,0,3
EDMKCE90,0,2
LCSQ1VJX,0,1
8VGN8Y2P,0,1
L7D0XEQL,0,1
FQPMLGZ0,0,1
4A53DVK3,0,1
KSXBLUIO,0,2
Y14WUNIU,0,2
M2UEU5QQ,0,2
LXFOSTCJ,0,2
DHF8GMIJ,0,1
0A1XLP2J,0,1
XY9HC0RC,0,1
UI8UXR9S,0,1
0FC5RKY4,0,3
NMTZTJAC,0,1
ZZ78IVS8,0,2
94FPC01P,0,1
XRCJE7D5,0,1
GX7G9UU7,0,2
DSL5K555,0,4
84AO6908,0,1
YZ1D3M18,0,3
VCTBA91M,0,1
761KRIOG,0,1
A11T9Q6A,0,2
UW9H9K0U,0,1
UBHO5SAL,0,1
5X9YW1IE,0,1
BNW4P971,0,2
NI1VJNWA,0,2
77A63FUG,0,2
F2ZQOEEY,0,2
7C9Q4RKA,0,4
CPUOPZ31,0,1
EKTVTUCY,0,2
YZVJFEYY,0,1
5Z6N58H7,0,1
EKTVTUCY,0,3
RKMG3V57,0,1
A2TX5PTT,0,1
8EX0VFD7,0,1

